{"flutter":{"platforms":{"android":{"default":{"projectId":"myskillappdb","appId":"1:239885424042:android:db88a070a9a1e7bb9287d3","fileOutput":"android/app/google-services.json"}},"ios":{"default":{"projectId":"myskillappdb","appId":"1:239885424042:ios:a1080a276d6d68119287d3","uploadDebugSymbols":false,"fileOutput":"ios/Runner/GoogleService-Info.plist"}},"macos":{"default":{"projectId":"myskillappdb","appId":"1:239885424042:ios:a1080a276d6d68119287d3","uploadDebugSymbols":false,"fileOutput":"macos/Runner/GoogleService-Info.plist"}},"dart":{"lib/firebase_options.dart":{"projectId":"myskillappdb","configurations":{"android":"1:239885424042:android:db88a070a9a1e7bb9287d3","ios":"1:239885424042:ios:a1080a276d6d68119287d3","macos":"1:239885424042:ios:a1080a276d6d68119287d3","web":"1:239885424042:web:d8c03ca082efe2779287d3","windows":"1:239885424042:web:0ee72b394edc864d9287d3"}}}}}}